Workbook

Sheet Pilot Tracker
A1: Organization | B1: Category | C1: Contact Name | D1: Email / Contact | E1: Status | F1: Priority | G1: Owner | H1: Date Sent | I1: Follow-up Date | J1: Ask Type | K1: Notes | L1: Response / Next Step | M1: Days Since Sent | N1: Follow-up Due?
A2: Almaty Metro | B2: Public transport / metro | D2: Operations or partnerships contact | E2: Not Started | F2: High | G2: Amangeldi Bekaidar | J2: Feedback meeting | K2: Ask for feedback or pathway to controlled demo. Do not claim partnership. | M2: =IF(H2="","",TODAY()-H2) | N2: =IF(I2="","",IF(I2<=TODAY(),"Due","Not yet"))
A3: School pilot option | B3: School / education | D3: Principal/STEM teacher/facilities contact | E3: Not Started | F3: High | G3: Amangeldi Bekaidar | J3: Controlled demo | K3: Good first educational pilot if safety is simple. | M3: =IF(H3="","",TODAY()-H3) | N3: =IF(I3="","",IF(I3<=TODAY(),"Due","Not yet"))
A4: University engineering lab | B4: University / lab | D4: Engineering faculty or lab manager | E4: Not Started | F4: High | G4: Amangeldi Bekaidar | J4: Measurement support | K4: Ask for voltage-time logging support and test setup feedback. | M4: =IF(H4="","",TODAY()-H4) | N4: =IF(I4="","",IF(I4<=TODAY(),"Due","Not yet"))
A5: Electronics repair / maker lab | B5: Lab / maker space | D5: Technical mentor | E5: Not Started | F5: Medium | G5: Amangeldi Bekaidar | J5: Measurement support | K5: Possible help with oscilloscope load tests and wiring topology. | M5: =IF(H5="","",TODAY()-H5) | N5: =IF(I5="","",IF(I5<=TODAY(),"Due","Not yet"))
A6: Shopping mall operator | B6: Mall / public space | D6: Facilities or sustainability contact | E6: Not Started | F6: Medium | G6: Amangeldi Bekaidar | J6: Feedback meeting | K6: Treat as future pilot conversation only. | M6: =IF(H6="","",TODAY()-H6) | N6: =IF(I6="","",IF(I6<=TODAY(),"Due","Not yet"))
A7: Climate / youth organization | B7: Climate / NGO | D7: Program lead | E7: Not Started | F7: Medium | G7: Amangeldi Bekaidar | J7: Mentorship | K7: Useful for public communication and climate-awareness framing. | M7: =IF(H7="","",TODAY()-H7) | N7: =IF(I7="","",IF(I7<=TODAY(),"Due","Not yet"))
A8: Engineering mentor | B8: Individual mentor | D8: Electrical or mechanical engineer | E8: Not Started | F8: Medium | G8: Amangeldi Bekaidar | J8: Technical feedback | K8: Ask for review of measurement plan and claim boundaries. | M8: =IF(H8="","",TODAY()-H8) | N8: =IF(I8="","",IF(I8<=TODAY(),"Due","Not yet"))
A9: City innovation / education office | B9: Public sector / education | D9: Innovation or youth project contact | E9: Not Started | F9: Low | G9: Amangeldi Bekaidar | J9: Referral | K9: Ask who handles student engineering pilots or demos. | M9: =IF(H9="","",TODAY()-H9) | N9: =IF(I9="","",IF(I9<=TODAY(),"Due","Not yet"))

Sheet Summary
A1: EcoStep Almaty Pilot Outreach Dashboard
A2: Use this workbook to track feedback, lab measurement, and controlled demo conversations. Do not mark any organization as a partner until written confirmation exists.
A4: Metric | B4: Value | D4: Claim rule | E4: Allowed wording | F4: Avoid
A5: Total targets | B5: =COUNTA('Pilot Tracker'!A2:A100) | D5: Stage | E5: working prototype, validation stage | F5: deployed product
A6: High priority | B6: =COUNTIF('Pilot Tracker'!F2:F100,"High") | D6: Energy | E6: 0.4 J/step is an unverified estimate | F6: verified 0.4 J/step
A7: Messages sent | B7: =COUNTIF('Pilot Tracker'!E2:E100,"Sent") | D7: Metro | E7: target outreach organization | F7: confirmed partner
A8: Follow-ups due | B8: =COUNTIF('Pilot Tracker'!N2:N100,"Due") | D8: Pilot | E8: controlled demo conversation | F8: approved installation
A9: Meetings scheduled | B9: =COUNTIF('Pilot Tracker'!E2:E100,"Meeting Scheduled")

Sheet Lists
A1: Status | B1: Priority | C1: Ask Type
A2: Not Started | B2: High | C2: Feedback meeting
A3: Drafted | B3: Medium | C3: Controlled demo
A4: Sent | B4: Low | C4: Measurement support
A5: Follow-up Due | C5: Mentorship
A6: Meeting Scheduled | C6: Referral
A7: Waiting | C7: Technical feedback
A8: Closed
A9: Rejected
